John Hillnob,male,Age: 52,Oxford,john.hillnob@ninjamail.org
Linda Mellonson,male,Age: 95,Leicester,linda.mellonson@ninyahoo.co
Mary Nipson,male,Age: 54,Oxford,mary.nipson@ninyahoo.co
Jason Castlenob,female,Age: 101,Cambridge,jason.castlenob@ninjamail.org
Diana Castlebutter,male,Age: 67,Cambridge,diana.castlebutter@ninjamail.org
Mary Gradnip,male,Age: 76,Oxford,mary.gradnip@hotsumo.com
John Nipwhale,male,Age: 88,Newcastle,john.nipwhale@ninyahoo.co
John Hillwhale,male,Age: 46,Newcastle,john.hillwhale@hotsumo.com
Tim Nobwhale,female,Age: 71,Leicester,tim.nobwhale@hotsumo.com
Tim Whalenob,female,Age: 22,Newcastle,tim.whalenob@dojobox.net
Anna Castlemellon,female,Age: 57,London,anna.castlemellon@ninjamail.org
Diana Castlecastle,female,Age: 96,Newcastle,diana.castlecastle@ninjamail.org
Diana Nobsmith,female,Age: 57,Leicester,diana.nobsmith@ninyahoo.co
Carol Whalenob,female,Age: 30,London,carol.whalenob@ninyahoo.co
Anna Gradhill,female,Age: 25,London,anna.gradhill@hotsumo.com
John Castlebutter,female,Age: 64,London,john.castlebutter@ninyahoo.co
Mary Nobmellon,female,Age: 68,London,mary.nobmellon@ninjamail.org
Carol Smithgrad,female,Age: 36,Newcastle,carol.smithgrad@dojobox.net
David Hillcastle,male,Age: 24,London,david.hillcastle@ninyahoo.co
Maggie Smithgrad,male,Age: 50,Newcastle,maggie.smithgrad@dojobox.net
Anna Nipsmith,female,Age: 65,London,anna.nipsmith@ninyahoo.co
Diana Underbutter,male,Age: 91,Leicester,diana.underbutter@ninyahoo.co
Maggie Butterson,male,Age: 50,Leicester,maggie.butterson@ninjamail.org
Mary Scotchnob,female,Age: 96,Leicester,mary.scotchnob@dojobox.net
Tim Butternip,female,Age: 79,Oxford,tim.butternip@ninyahoo.co
John Whalescotch,female,Age: 69,Oxford,john.whalescotch@hotsumo.com
Diana Melloncastle,female,Age: 71,Newcastle,diana.melloncastle@ninyahoo.co
Diana Scotchcastle,female,Age: 63,Oxford,diana.scotchcastle@ninyahoo.co
Carol Smithsmith,male,Age: 66,Newcastle,carol.smithsmith@ninjamail.org
Mary Castlenob,female,Age: 27,Newcastle,mary.castlenob@ninjamail.org
